sheetRow,sourceStudentUid,paymentDate,amount,paymentMode,paymentModeRaw,receiptOrInvoiceNo,sourceTransactionId,feeGroupSessionLabel,requiresReview,workbookDuplicateWarning,sourceKey
2,STU-0146,2026-03-07,8100,cash,Offline via Cash,VPS00-2603-00035,ord_dTJDF6PrwW8784,2025-26-or-older,false,,WB:STU-0146|2026-03-07|8100.0|VPS00-2603-00035
3,STU-0405,2026-04-08,15500,cash,Offline via Cash,VPS00-2604-00057,ord_CipvEPxO8E4683,2026-27,false,,WB:STU-0405|2026-04-08|15500.0|VPS00-2604-00057
4,STU-0295,2026-04-20,3000,cash,Offline via Cash,VPS00-2604-00140,spo_GfW6kuAhDm5929,2026-27,false,,WB:STU-0295|2026-04-20|3000.0|VPS00-2604-00140
5,STU-0389,2026-05-07,7750,cash,Offline via Cash,VPS00-2604-000203,spo_xw0rsf7LJp7446,2026-27,false,,WB:STU-0389|2026-05-07|7750.0|VPS00-2604-000203
6,STU-0188,2026-03-05,10000,upi,Offline via UPI Transfer,VPS00-2603-00014,ord_9oLXf51Xcw7586,2025-26-or-older,false,,WB:STU-0188|2026-03-05|10000.0|VPS00-2603-00014
7,STU-0262,2026-04-06,35000,cash,Offline via Cash,VPS00-2604-00029,ord_eeCujtyhCv9648,2025-26-or-older,false,,WB:STU-0262|2026-04-06|35000.0|VPS00-2604-00029
8,STU-0214,2026-04-20,2875,cash,Offline via Cash,VPS00-2604-00144,spo_JkABlfAs1s5155,2026-27,false,,WB:STU-0214|2026-04-20|2875.0|VPS00-2604-00144
9,STU-0054,2026-04-20,4500,cash,Offline via Cash,VPS00-2604-00138,spo_ItAIyasXRc4914,2026-27,false,,WB:STU-0054|2026-04-20|4500.0|VPS00-2604-00138
10,STU-0486,2026-03-05,12500,upi,Offline via UPI Transfer,VPS00-2603-00012,ord_CSiGM397E89169,2025-26-or-older,false,,WB:STU-0486|2026-03-05|12500.0|VPS00-2603-00012
11,STU-0393,2026-04-07,12000,cash,Offline via Cash,VPS00-2604-00056,ord_EDa0vrdt6S7090,2026-27,false,,WB:STU-0393|2026-04-07|12000.0|VPS00-2604-00056
12,STU-0303,2026-03-30,12800,upi,Offline via UPI Transfer,VPS00-2603-00121,ord_a3cOFFiWSm7343,2025-26-or-older,false,,WB:STU-0303|2026-03-30|12800.0|VPS00-2603-00121
13,STU-0113,2026-03-30,4750,cash,Offline via Cash,VPS00-2603-00135,ord_fu9LGd6JgR2285,2026-27,false,,WB:STU-0113|2026-03-30|4750.0|VPS00-2603-00135
14,STU-0371,2026-04-02,19000,cash,Offline via Cash,VPS00-2604-00004,ord_MkE0wKrSIs1166,2025-26-or-older,false,,WB:STU-0371|2026-04-02|19000.0|VPS00-2604-00004
15,STU-0552,2026-04-09,5000,cash,Offline via Cash,VPS00-2604-00090,spo_HOaz85VW1x5725,2025-26-or-older,false,,WB:STU-0552|2026-04-09|5000.0|VPS00-2604-00090
16,STU-0234,2026-03-06,4000,upi,Offline via UPI Transfer,VPS00-2603-00016,spo_6lUwFjdXSO6231,2025-26-or-older,false,,WB:STU-0234|2026-03-06|4000.0|VPS00-2603-00016
17,STU-0234,2026-03-07,1500,cash,Offline via Cash,VPS00-2603-00039,spo_eoeghqDwTa8128,2025-26-or-older,false,,WB:STU-0234|2026-03-07|1500.0|VPS00-2603-00039
18,STU-0205,2026-03-30,12500,upi,Offline via UPI Transfer,VPS00-2603-00116,ord_8F9vxwoUQZ9813,2025-26-or-older,false,,WB:STU-0205|2026-03-30|12500.0|VPS00-2603-00116
19,STU-0398,2026-04-01,29500,cash,Offline via Cash,VPS00-2604-00022,ord_X6Kn9ikevl7592,2026-27,false,,WB:STU-0398|2026-04-01|29500.0|VPS00-2604-00022
20,STU-0166,2026-04-01,2500,cash,Offline via Cash,VPS00-2604-00001,ord_ZasaZdHdGW1332,2025-26-or-older,false,,WB:STU-0166|2026-04-01|2500.0|VPS00-2604-00001
21,STU-0190,2026-04-08,10500,cash,Offline via Cash,VPS00-2604-00055,ord_va64ggs58A0752,2025-26-or-older,false,,WB:STU-0190|2026-04-08|10500.0|VPS00-2604-00055
22,STU-0288,2026-03-30,13150,upi,Offline via UPI Transfer,VPS00-2603-00114,ord_YIXhOFeF5r1858,2025-26-or-older,false,,WB:STU-0288|2026-03-30|13150.0|VPS00-2603-00114
23,STU-0231,2026-03-30,15000,upi,Offline via UPI Transfer,VPS00-2603-00133,ord_UwItINVA8u0742,2025-26-or-older,false,,WB:STU-0231|2026-03-30|15000.0|VPS00-2603-00133
24,STU-0050,2026-05-14,7500,cash,Offline via Cash,VPS00-2604-000215,spo_w7gJ0FvWGn2915,2026-27,false,,WB:STU-0050|2026-05-14|7500.0|VPS00-2604-000215
25,STU-0050,2026-05-14,1000,cash,Offline via Cash,VPS00-2604-000218,spo_KTXMKemw3d1723,2026-27,false,,WB:STU-0050|2026-05-14|1000.0|VPS00-2604-000218
26,STU-0047,2026-03-09,5000,upi,Offline via UPI Transfer,VPS00-2603-00051,spo_KHZ6RyvBwE9787,2025-26-or-older,false,,WB:STU-0047|2026-03-09|5000.0|VPS00-2603-00051
27,STU-0047,2026-03-09,13000,cash,Offline via Cash,VPS00-2603-00052,spo_Z9Zmw7jnCH5034,2025-26-or-older,false,,WB:STU-0047|2026-03-09|13000.0|VPS00-2603-00052
28,STU-0117,2026-03-30,5000,cash,Offline via Cash,VPS00-2603-00138,ord_ZNQ23IfFUf6009,2026-27,false,,WB:STU-0117|2026-03-30|5000.0|VPS00-2603-00138
29,STU-0416,2026-04-02,7750,cash,Offline via Cash,VPS00-2604-00034,spo_bxkfYBRJh75443,2026-27,false,,WB:STU-0416|2026-04-02|7750.0|VPS00-2604-00034
30,STU-0269,2026-03-17,5500,cash,Offline via Cash,VPS00-2603-00091,ord_SToXbqa12W1396,2025-26-or-older,false,,WB:STU-0269|2026-03-17|5500.0|VPS00-2603-00091
31,STU-0364,2026-04-21,5500,bank_transfer,CoFee,VPS00-2604-00153,spo_LsgxdT3ElF8539,2026-27,false,,WB:STU-0364|2026-04-21|5500.0|VPS00-2604-00153
32,STU-0364,2026-04-21,500,bank_transfer,CoFee,VPS00-2604-00153,spo_LsgxdT3ElF8539,2026-27,false,,WB:STU-0364|2026-04-21|500.0|VPS00-2604-00153
33,STU-0145,2026-02-26,6700,cash,Offline via Cash,VPS00-2602-00018,spo_tBJm7kwlnQ8109,2025-26-or-older,false,,WB:STU-0145|2026-02-26|6700.0|VPS00-2602-00018
34,STU-0145,2026-04-24,7000,cash,Offline via Cash,VPS00-2604-00170,spo_pkwOfSDWF86491,2025-26-or-older,false,,WB:STU-0145|2026-04-24|7000.0|VPS00-2604-00170
35,STU-0188,2026-04-18,4625,bank_transfer,CoFee,VPS00-2604-00116,spo_0XaYAx7Pl95551,2026-27,false,,WB:STU-0188|2026-04-18|4625.0|VPS00-2604-00116
36,STU-0188,2026-04-18,1375,bank_transfer,CoFee,VPS00-2604-00116,spo_0XaYAx7Pl95551,2026-27,false,,WB:STU-0188|2026-04-18|1375.0|VPS00-2604-00116
37,STU-0188,2026-04-18,500,bank_transfer,CoFee,VPS00-2604-00116,spo_0XaYAx7Pl95551,2026-27,false,,WB:STU-0188|2026-04-18|500.0|VPS00-2604-00116
38,STU-0389,2026-03-30,8000,cash,Offline via Cash,VPS00-2603-00109,spo_maMZoJTMUd5667,2025-26-or-older,false,,WB:STU-0389|2026-03-30|8000.0|VPS00-2603-00109
39,STU-0115,2026-03-17,11300,upi,Offline via UPI Transfer,VPS00-2603-00094,ord_KxrDlC9fKH4234,2025-26-or-older,false,,WB:STU-0115|2026-03-17|11300.0|VPS00-2603-00094
40,STU-0359,2026-03-07,31600,cash,Offline via Cash,VPS00-2603-00034,ord_zArIfeNLWh7692,2025-26-or-older,false,,WB:STU-0359|2026-03-07|31600.0|VPS00-2603-00034
41,STU-0043,2026-05-01,4000,cash,Offline via Cash,VPS00-2604-000178,ord_lFL3dWwTtf4650,2026-27,false,,WB:STU-0043|2026-05-01|4000.0|VPS00-2604-000178
42,STU-0484,2026-05-07,200,cash,Offline via Cash,VPS00-2604-000201,spo_M5upurgsEp9691,2026-27,false,,WB:STU-0484|2026-05-07|200.0|VPS00-2604-000201
43,STU-0341,2026-02-20,12500,cash,Offline via Cash,VPS00-2602-00006,ord_tNu4A4zLaK2816,2025-26-or-older,false,,WB:STU-0341|2026-02-20|12500.0|VPS00-2602-00006
44,STU-0358,2026-03-16,15500,cash,Offline via Cash,VPS00-2603-00080,ord_lWH5yjwPe91504,2025-26-or-older,false,,WB:STU-0358|2026-03-16|15500.0|VPS00-2603-00080
45,STU-0449,2026-04-20,3500,cash,Offline via Cash,VPS00-2604-00143,spo_qAoa5sThdR1260,2026-27,false,,WB:STU-0449|2026-04-20|3500.0|VPS00-2604-00143
46,STU-0491,2026-05-01,3090,cash,Offline via Cash,VPS00-2604-000177,ord_MMWZkWa2an7169,2026-27,false,,WB:STU-0491|2026-05-01|3090.0|VPS00-2604-000177
47,STU-0229,2026-03-16,5000,cash,Offline via Cash,VPS00-2603-00088,spo_ABrjbUC07k6465,2025-26-or-older,false,,WB:STU-0229|2026-03-16|5000.0|VPS00-2603-00088
48,STU-0229,2026-04-09,2500,cash,Offline via Cash,VPS00-2604-00084,spo_4MRWE9Mvbi8808,2025-26-or-older,false,,WB:STU-0229|2026-04-09|2500.0|VPS00-2604-00084
49,STU-0394,2026-04-09,13000,cash,Offline via Cash,VPS00-2604-00076,ord_FrVXR2yJ8a2436,2025-26-or-older,false,,WB:STU-0394|2026-04-09|13000.0|VPS00-2604-00076
50,STU-0179,2026-04-09,30000,cash,Offline via Cash,VPS00-2604-00089,ord_VSt4Y32KFX4011,2026-27,false,,WB:STU-0179|2026-04-09|30000.0|VPS00-2604-00089
51,STU-0221,2026-04-02,10500,cash,Offline via Cash,VPS00-2604-00007,ord_kp6b6MyiHm5487,2025-26-or-older,false,,WB:STU-0221|2026-04-02|10500.0|VPS00-2604-00007
52,STU-0370,2026-02-27,10000,cash,Offline via Cash,VPS00-2602-00021,ord_JslbD0RJxk4268,2025-26-or-older,false,,WB:STU-0370|2026-02-27|10000.0|VPS00-2602-00021
53,STU-0128,2026-04-01,24000,cash,Offline via Cash,VPS00-2604-00030,ord_5swPWxBofG7932,2026-27,false,,WB:STU-0128|2026-04-01|24000.0|VPS00-2604-00030
54,STU-0419,2026-04-20,29000,upi,Offline via UPI Transfer,VPS00-2604-00133,ord_rK4BddkKJD0615,2026-27,false,,WB:STU-0419|2026-04-20|29000.0|VPS00-2604-00133
55,STU-0481,2026-04-20,2625,cash,Offline via Cash,VPS00-2604-00152,spo_yg0Mseh4H92701,2026-27,false,,WB:STU-0481|2026-04-20|2625.0|VPS00-2604-00152
56,STU-0372,2026-04-10,8875,upi,Offline via UPI Transfer,VPS00-2604-00091,spo_hfS24XNk5I5510,2026-27,false,,WB:STU-0372|2026-04-10|8875.0|VPS00-2604-00091
57,STU-0489,2026-04-23,7625,upi,Offline via UPI Transfer,VPS00-2604-00164,spo_lg5tgLrNTJ9592,2026-27,false,,WB:STU-0489|2026-04-23|7625.0|VPS00-2604-00164
58,STU-0410,2026-04-08,5000,cash,Offline via Cash,VPS00-2604-00065,ord_lvDEM3idGE4303,2025-26-or-older,false,,WB:STU-0410|2026-04-08|5000.0|VPS00-2604-00065
59,STU-0272,2026-02-27,12000,cash,Offline via Cash,VPS00-2602-00032,ord_bryGqKz2eh4715,2025-26-or-older,false,,WB:STU-0272|2026-02-27|12000.0|VPS00-2602-00032
60,STU-0278,2026-04-07,9000,cash,Offline via Cash,VPS00-2604-00169,spo_PlSaywZleF8601,2026-27,false,,WB:STU-0278|2026-04-07|9000.0|VPS00-2604-00169
61,STU-0300,2026-03-30,6600,upi,Offline via UPI Transfer,VPS00-2603-00134,ord_z5of3VoEKC4351,2025-26-or-older,false,,WB:STU-0300|2026-03-30|6600.0|VPS00-2603-00134
62,STU-0153,2026-03-09,15500,cash,Offline via Cash,VPS00-2603-00054,ord_Z6ePTfkruh9505,2025-26-or-older,false,,WB:STU-0153|2026-03-09|15500.0|VPS00-2603-00054
63,STU-0060,2026-03-17,15000,cash,Offline via Cash,VPS00-2603-00101,ord_pDiREJF38Q0549,2025-26-or-older,false,,WB:STU-0060|2026-03-17|15000.0|VPS00-2603-00101
64,STU-0059,2026-03-09,12500,cash,Offline via Cash,VPS00-2603-00057,ord_3Fsa6af1ML7675,2025-26-or-older,false,,WB:STU-0059|2026-03-09|12500.0|VPS00-2603-00057
65,STU-0425,2026-03-12,12500,upi,Offline via UPI Transfer,VPS00-2603-00074,ord_BeMKBLpRNn7451,2025-26-or-older,false,,WB:STU-0425|2026-03-12|12500.0|VPS00-2603-00074
66,STU-0192,2026-04-06,6625,cash,Offline via Cash,VPS00-2604-00035,spo_uJ5MkTlDU30824,2026-27,false,,WB:STU-0192|2026-04-06|6625.0|VPS00-2604-00035
67,STU-0110,2026-03-06,4000,upi,Offline via UPI Transfer,VPS00-2603-00017,spo_NfKwPXe22G3888,2025-26-or-older,false,,WB:STU-0110|2026-03-06|4000.0|VPS00-2603-00017
68,STU-0110,2026-03-07,1500,cash,Offline via Cash,VPS00-2603-00040,spo_j8xCHE1rgr6565,2025-26-or-older,false,,WB:STU-0110|2026-03-07|1500.0|VPS00-2603-00040
69,STU-0180,2026-04-24,6000,cash,Offline via Cash,VPS00-2604-00171,ord_VINhk2dned5266,2026-27,false,,WB:STU-0180|2026-04-24|6000.0|VPS00-2604-00171
70,STU-0392,2025-11-25,5500,upi,Offline via UPI Transfer,VPS00-2511-00001,spo_DY2RmIWV9B7761,2025-26-or-older,false,,WB:STU-0392|2025-11-25|5500.0|VPS00-2511-00001
71,STU-0392,2026-04-25,19000,cash,Offline via Cash,VPS00-2604-000172,spo_9tdbxrK62A4024,2025-26-or-older,false,,WB:STU-0392|2026-04-25|19000.0|VPS00-2604-000172
72,STU-0257,2026-05-02,3750,upi,Offline via UPI Transfer,VPS00-2604-000181,spo_6dt6ZLtpQ65514,2026-27,false,,WB:STU-0257|2026-05-02|3750.0|VPS00-2604-000181
73,STU-0198,2026-05-02,1500,cash,Offline via Cash,VPS00-2604-000189,ord_MBcHsP7kTe7852,2026-27,false,,WB:STU-0198|2026-05-02|1500.0|VPS00-2604-000189
74,STU-0486,2026-04-18,4250,bank_transfer,CoFee,VPS00-2604-00115,spo_AB6GXduUHP4170,2026-27,false,,WB:STU-0486|2026-04-18|4250.0|VPS00-2604-00115
75,STU-0486,2026-04-18,1375,bank_transfer,CoFee,VPS00-2604-00115,spo_AB6GXduUHP4170,2026-27,false,,WB:STU-0486|2026-04-18|1375.0|VPS00-2604-00115
76,STU-0486,2026-04-18,500,bank_transfer,CoFee,VPS00-2604-00115,spo_AB6GXduUHP4170,2026-27,false,,WB:STU-0486|2026-04-18|500.0|VPS00-2604-00115
77,STU-0393,2026-03-09,11000,bank_transfer,Offline via Bank Transfer,VPS00-2603-00046,ord_ojBvDJQlLv2284,2025-26-or-older,false,,WB:STU-0393|2026-03-09|11000.0|VPS00-2603-00046
78,STU-0246,2026-03-17,12300,upi,Offline via UPI Transfer,VPS00-2603-00095,ord_iFF5PrtUov1171,2025-26-or-older,false,,WB:STU-0246|2026-03-17|12300.0|VPS00-2603-00095
79,STU-0315,2026-05-05,10000,cash,Offline via Cash,VPS00-2604-000191,spo_HA86nTC9BX2768,2025-26-or-older,false,,WB:STU-0315|2026-05-05|10000.0|VPS00-2604-000191
80,STU-0351,2026-03-05,10000,cash,Offline via Cash,VPS00-2603-00001,spo_DpiC9QEG1c8267,2025-26-or-older,false,,WB:STU-0351|2026-03-05|10000.0|VPS00-2603-00001
81,STU-0408,2026-02-23,10500,cash,Offline via Cash,VPS00-2602-00010,spo_Np4q2WiK137091,2025-26-or-older,false,,WB:STU-0408|2026-02-23|10500.0|VPS00-2602-00010
82,STU-0408,2026-02-26,6600,cash,Offline via Cash,VPS00-2602-00017,spo_bJX2Mm8md92776,2025-26-or-older,false,,WB:STU-0408|2026-02-26|6600.0|VPS00-2602-00017
83,STU-0361,2026-03-16,5500,cash,Offline via Cash,VPS00-2603-00083,ord_t3bjq97IQ00069,2025-26-or-older,false,,WB:STU-0361|2026-03-16|5500.0|VPS00-2603-00083
84,STU-0530,2026-04-20,2625,cash,Offline via Cash,VPS00-2604-00145,spo_EbJQgpdYvx5353,2026-27,false,,WB:STU-0530|2026-04-20|2625.0|VPS00-2604-00145
85,STU-0066,2026-03-07,8000,cash,Offline via Cash,VPS00-2603-00036,spo_zEZS7oPlfV3138,2025-26-or-older,false,,WB:STU-0066|2026-03-07|8000.0|VPS00-2603-00036
86,STU-0066,2026-04-09,3000,cash,Offline via Cash,VPS00-2604-00079,spo_ooRluLm2UA9584,2025-26-or-older,false,,WB:STU-0066|2026-04-09|3000.0|VPS00-2604-00079
87,STU-0155,2026-03-06,13000,upi,Offline via UPI Transfer,VPS00-2603-00024,spo_62PW2d9I1v8963,2025-26-or-older,false,,WB:STU-0155|2026-03-06|13000.0|VPS00-2603-00024
88,STU-0155,2026-03-30,5100,cash,Offline via Cash,VPS00-2603-00126,spo_7N9mAXz3no4624,2025-26-or-older,false,,WB:STU-0155|2026-03-30|5100.0|VPS00-2603-00126
89,STU-0480,2026-02-26,7500,cash,Offline via Cash,VPS00-2602-00015,ord_b6GxZduKDd9851,2025-26-or-older,false,,WB:STU-0480|2026-02-26|7500.0|VPS00-2602-00015
90,STU-0106,2026-03-10,14000,cash,Offline via Cash,VPS00-2603-00066,ord_wFWq6tudeM8432,2025-26-or-older,false,,WB:STU-0106|2026-03-10|14000.0|VPS00-2603-00066
91,STU-0067,2026-03-06,10600,bank_transfer,Offline via Bank Transfer,VPS00-2603-00019,spo_587Pj9uQL92827,2025-26-or-older,false,,WB:STU-0067|2026-03-06|10600.0|VPS00-2603-00019
92,STU-0067,2026-04-09,6000,cash,Offline via Cash,VPS00-2604-00071,spo_YreHZFwab17126,2025-26-or-older,false,,WB:STU-0067|2026-04-09|6000.0|VPS00-2604-00071
93,STU-0363,2026-04-06,3200,upi,Offline via UPI Transfer,VPS00-2604-00047,spo_TXmnHTPHut2854,2026-27,false,,WB:STU-0363|2026-04-06|3200.0|VPS00-2604-00047
94,STU-0249,2026-04-23,5375,cash,Offline via Cash,VPS00-2604-00165,spo_bQLjJlgWco4587,2026-27,false,,WB:STU-0249|2026-04-23|5375.0|VPS00-2604-00165
95,STU-0216,2026-04-15,11500,upi,Offline via UPI Transfer,VPS00-2604-00102,ord_0QZsFRYvfc7301,2025-26-or-older,false,,WB:STU-0216|2026-04-15|11500.0|VPS00-2604-00102
96,STU-0086,2026-03-09,10000,cash,Offline via Cash,VPS00-2603-00056,spo_gHEMBeCdQU8516,2025-26-or-older,false,,WB:STU-0086|2026-03-09|10000.0|VPS00-2603-00056
97,STU-0086,2026-03-30,5000,upi,Offline via UPI Transfer,VPS00-2603-00108,spo_iButlHJxiB9326,2025-26-or-older,false,,WB:STU-0086|2026-03-30|5000.0|VPS00-2603-00108
98,STU-0091,2026-02-23,15000,cash,Offline via Cash,VPS00-2602-00011,spo_YFe4llm6Z19767,2025-26-or-older,false,,WB:STU-0091|2026-02-23|15000.0|VPS00-2602-00011
99,STU-0091,2026-04-09,1600,cash,Offline via Cash,VPS00-2604-00078,spo_aPBxi0TxBi3672,2025-26-or-older,false,,WB:STU-0091|2026-04-09|1600.0|VPS00-2604-00078
100,STU-0379,2026-03-30,5500,cash,Offline via Cash,VPS00-2603-00128,ord_wm8xdneUn93856,2025-26-or-older,false,,WB:STU-0379|2026-03-30|5500.0|VPS00-2603-00128
101,STU-0338,2026-03-30,9500,upi,Offline via UPI Transfer,VPS00-2603-00124,ord_mCzY0YGtbX2131,2025-26-or-older,false,,WB:STU-0338|2026-03-30|9500.0|VPS00-2603-00124
102,STU-0147,2026-04-20,6750,cash,Offline via Cash,VPS00-2604-00126,spo_zrsPlAphF95537,2026-27,false,,WB:STU-0147|2026-04-20|6750.0|VPS00-2604-00126
103,STU-0357,2026-04-28,7375,cash,Offline via Cash,VPS00-2604-000175,spo_qMORnzXGNA7169,2026-27,false,,WB:STU-0357|2026-04-28|7375.0|VPS00-2604-000175
104,STU-0404,2026-04-01,11000,cash,Offline via Cash,VPS00-2604-00002,ord_bbQRtkj02K3828,2025-26-or-older,false,,WB:STU-0404|2026-04-01|11000.0|VPS00-2604-00002
105,STU-0466,2026-04-16,500,cash,Offline via Cash,VPS00-2604-00108,ord_zcZN0A5Ed67336,2026-27,false,,WB:STU-0466|2026-04-16|500.0|VPS00-2604-00108
106,STU-0238,2026-05-07,6875,cash,Offline via Cash,VPS00-2604-000202,spo_NF4uIXqhnW0828,2026-27,false,,WB:STU-0238|2026-05-07|6875.0|VPS00-2604-000202
107,STU-0306,2026-03-16,5500,cash,Offline via Cash,VPS00-2603-00084,ord_zcUJ4Ss8us2741,2025-26-or-older,false,,WB:STU-0306|2026-03-16|5500.0|VPS00-2603-00084
108,STU-0391,2026-05-14,7625,cash,Offline via Cash,VPS00-2604-000219,spo_d1Q3ZEKRH34742,2026-27,false,,WB:STU-0391|2026-05-14|7625.0|VPS00-2604-000219
109,STU-0372,2026-03-09,11000,upi,Offline via UPI Transfer,VPS00-2603-00047,ord_cfYaTR5OqK5324,2025-26-or-older,false,,WB:STU-0372|2026-03-09|11000.0|VPS00-2603-00047
110,STU-0098,2026-02-27,17500,cash,Offline via Cash,VPS00-2602-00022,ord_CRVEm2VDEl7607,2025-26-or-older,false,,WB:STU-0098|2026-02-27|17500.0|VPS00-2602-00022
111,STU-0491,2026-03-16,4000,cash,Offline via Cash,VPS00-2603-00085,spo_5u3bAXsNYN0740,2025-26-or-older,false,,WB:STU-0491|2026-03-16|4000.0|VPS00-2603-00085
112,STU-0370,2026-04-20,3250,cash,Offline via Cash,VPS00-2604-00141,spo_AWPKNwVjTs5275,2026-27,false,,WB:STU-0370|2026-04-20|3250.0|VPS00-2604-00141
113,STU-0278,2026-03-12,11500,upi,Offline via UPI Transfer,VPS00-2603-00073,ord_xmes5SW9gA7659,2025-26-or-older,false,,WB:STU-0278|2026-03-12|11500.0|VPS00-2603-00073
114,STU-0397,2026-04-20,29500,cash,Offline via Cash,VPS00-2604-00131,ord_Q3a6qTjTQg0484,2026-27,false,,WB:STU-0397|2026-04-20|29500.0|VPS00-2604-00131
115,STU-0251,2026-04-21,2000,bank_transfer,CoFee,VPS00-2604-00155,ord_Xp45Bsh0RL2123,2026-27,false,,WB:STU-0251|2026-04-21|2000.0|VPS00-2604-00155
116,STU-0202,2026-04-19,4750,bank_transfer,CoFee,VPS00-2604-00118,spo_NC5adY6riz6048,2026-27,false,,WB:STU-0202|2026-04-19|4750.0|VPS00-2604-00118
117,STU-0202,2026-04-19,3250,bank_transfer,CoFee,VPS00-2604-00118,spo_NC5adY6riz6048,2026-27,false,,WB:STU-0202|2026-04-19|3250.0|VPS00-2604-00118
118,STU-0202,2026-04-19,500,bank_transfer,CoFee,VPS00-2604-00118,spo_NC5adY6riz6048,2026-27,false,,WB:STU-0202|2026-04-19|500.0|VPS00-2604-00118
119,STU-0143,2026-03-09,20000,upi,Offline via UPI Transfer,VPS00-2603-00044,spo_zdsKCvNenE0638,2025-26-or-older,false,,WB:STU-0143|2026-03-09|20000.0|VPS00-2603-00044
120,STU-0143,2026-03-30,4500,cash,Offline via Cash,VPS00-2603-00131,spo_U7F5rcFYb45401,2025-26-or-older,false,,WB:STU-0143|2026-03-30|4500.0|VPS00-2603-00131
121,STU-0059,2026-04-20,8500,upi,Offline via UPI Transfer,VPS00-2604-00127,spo_59PZ10vhWO8936,2026-27,false,,WB:STU-0059|2026-04-20|8500.0|VPS00-2604-00127
122,STU-0053,2026-04-09,10500,cash,Offline via Cash,VPS00-2604-00080,ord_o7iGZsbPNA1890,2025-26-or-older,false,,WB:STU-0053|2026-04-09|10500.0|VPS00-2604-00080
123,STU-0222,2026-04-09,5500,cash,Offline via Cash,VPS00-2604-00081,ord_7K5hXppNVy7499,2025-26-or-older,false,,WB:STU-0222|2026-04-09|5500.0|VPS00-2604-00081
124,STU-0299,2026-04-02,19000,cash,Offline via Cash,VPS00-2604-00006,ord_cMzNR57wg12534,2025-26-or-older,false,,WB:STU-0299|2026-04-02|19000.0|VPS00-2604-00006
125,STU-0404,2026-04-02,6250,cash,Offline via Cash,VPS00-2604-00037,ord_8jweXsSYze4654,2026-27,false,,WB:STU-0404|2026-04-02|6250.0|VPS00-2604-00037
126,STU-0063,2026-03-10,7000,cash,Offline via Cash,VPS00-2603-00067,spo_UxDNmfDuvD2290,2025-26-or-older,false,,WB:STU-0063|2026-03-10|7000.0|VPS00-2603-00067
127,STU-0063,2026-04-09,2000,cash,Offline via Cash,VPS00-2604-00083,spo_JUy08ZsEzL9787,2025-26-or-older,false,,WB:STU-0063|2026-04-09|2000.0|VPS00-2604-00083
128,STU-0115,2026-05-09,3833,bank_transfer,CoFee,VPS00-2604-000207,spo_tqmPUiP6xc7592,2026-27,false,,WB:STU-0115|2026-05-09|3833.33|VPS00-2604-000207
129,STU-0115,2026-05-09,1491,bank_transfer,CoFee,VPS00-2604-000207,spo_tqmPUiP6xc7592,2026-27,false,,WB:STU-0115|2026-05-09|1490.74|VPS00-2604-000207
130,STU-0115,2026-05-09,426,bank_transfer,CoFee,VPS00-2604-000207,spo_tqmPUiP6xc7592,2026-27,false,,WB:STU-0115|2026-05-09|425.93|VPS00-2604-000207
131,STU-0115,2026-05-09,1000,bank_transfer,CoFee,VPS00-2604-000207,spo_tqmPUiP6xc7592,2026-27,false,,WB:STU-0115|2026-05-09|1000.0|VPS00-2604-000207
132,STU-0402,2026-02-24,10000,upi,Offline via UPI Transfer,VPS00-2602-00012,spo_wrAxZpOmgC7627,2025-26-or-older,false,,WB:STU-0402|2026-02-24|10000.0|VPS00-2602-00012
133,STU-0402,2026-03-30,6000,upi,Offline via UPI Transfer,VPS00-2603-00107,spo_o1HS7xEMFI7525,2025-26-or-older,false,,WB:STU-0402|2026-03-30|6000.0|VPS00-2603-00107
134,STU-0136,2026-03-12,17000,upi,Offline via UPI Transfer,VPS00-2603-00069,ord_CMIdDVQCCH9164,2025-26-or-older,false,,WB:STU-0136|2026-03-12|17000.0|VPS00-2603-00069
135,STU-0472,2026-04-20,3625,cash,Offline via Cash,VPS00-2604-00147,spo_opIOzn8duC0524,2026-27,false,,WB:STU-0472|2026-04-20|3625.0|VPS00-2604-00147
136,STU-0493,2026-04-06,12000,cash,Offline via Cash,VPS00-2604-000205,spo_EQptpVTkWk5278,2026-27,false,,WB:STU-0493|2026-04-06|12000.0|VPS00-2604-000205
137,STU-0088,2026-03-10,15000,upi,Offline via UPI Transfer,VPS00-2603-00064,ord_HSfKDGGQ1P0295,2025-26-or-older,false,,WB:STU-0088|2026-03-10|15000.0|VPS00-2603-00064
138,STU-0426,2026-03-12,12000,cash,Offline via Cash,VPS00-2603-00071,spo_s1OiZFgvDy0925,2025-26-or-older,false,,WB:STU-0426|2026-03-12|12000.0|VPS00-2603-00071
139,STU-0483,2026-02-22,10000,upi,Offline via UPI Transfer,VPS00-2602-00009,spo_KbiXPMoxqT0075,2025-26-or-older,false,,WB:STU-0483|2026-02-22|10000.0|VPS00-2602-00009
140,STU-0483,2026-04-02,1500,cash,Offline via Cash,VPS00-2604-00012,spo_eJARnIv52J9284,2025-26-or-older,false,,WB:STU-0483|2026-04-02|1500.0|VPS00-2604-00012
141,STU-0289,2026-03-07,10200,cash,Offline via Cash,VPS00-2603-00027,ord_AfjZ7Jqkio7135,2025-26-or-older,false,,WB:STU-0289|2026-03-07|10200.0|VPS00-2603-00027
142,STU-0163,2026-03-07,8000,upi,Offline via UPI Transfer,VPS00-2603-00031,spo_zcQELLHdVf0994,2025-26-or-older,false,,WB:STU-0163|2026-03-07|8000.0|VPS00-2603-00031
143,STU-0123,2026-03-07,6000,cash,Offline via Cash,VPS00-2603-00037,ord_RbapIwItdQ5277,2025-26-or-older,false,,WB:STU-0123|2026-03-07|6000.0|VPS00-2603-00037
144,STU-0532,2026-03-24,11000,cash,Offline via Cash,VPS00-2603-00106,ord_b5PBuiaLnZ9537,2025-26-or-older,false,,WB:STU-0532|2026-03-24|11000.0|VPS00-2603-00106
145,STU-0231,2026-04-20,25500,cash,Offline via Cash,VPS00-2604-00129,ord_yEGeBGU6e74176,2026-27,false,,WB:STU-0231|2026-04-20|25500.0|VPS00-2604-00129
146,STU-0245,2026-04-10,7000,upi,Offline via UPI Transfer,VPS00-2604-00093,spo_mN8m0vJ3Vi8189,2026-27,false,,WB:STU-0245|2026-04-10|7000.0|VPS00-2604-00093
147,STU-0245,2026-04-20,1250,upi,Offline via UPI Transfer,VPS00-2604-00119,spo_Z023zUFJLk5381,2026-27,false,,WB:STU-0245|2026-04-20|1250.0|VPS00-2604-00119
148,STU-0084,2026-03-18,10000,upi,Offline via UPI Transfer,VPS00-2603-00103,spo_hhSDsnxmy26548,2025-26-or-older,false,,WB:STU-0084|2026-03-18|10000.0|VPS00-2603-00103
149,STU-0331,2026-02-27,3000,cash,Offline via Cash,VPS00-2602-00030,ord_94nx6dyHlx4530,2025-26-or-older,false,,WB:STU-0331|2026-02-27|3000.0|VPS00-2602-00030
150,STU-0349,2026-04-16,35000,upi,Offline via UPI Transfer,VPS00-2604-00107,ord_ywNFKyep0X7924,2025-26-or-older,false,,WB:STU-0349|2026-04-16|35000.0|VPS00-2604-00107
151,STU-0472,2026-02-27,7750,cash,Offline via Cash,VPS00-2602-00027,ord_JeT0g3YZK17801,2025-26-or-older,false,,WB:STU-0472|2026-02-27|7750.0|VPS00-2602-00027
152,STU-0475,2026-04-20,6500,upi,Offline via UPI Transfer,VPS00-2604-00121,ord_AyumfySwAk6160,2026-27,false,,WB:STU-0475|2026-04-20|6500.0|VPS00-2604-00121
153,STU-0521,2026-05-14,3375,upi,Offline via UPI Transfer,VPS00-2604-000214,spo_KOH05QuGCb1609,2026-27,false,,WB:STU-0521|2026-05-14|3375.0|VPS00-2604-000214
154,STU-0034,2026-04-21,36000,bank_transfer,Offline via Bank Transfer,VPS00-2604-000206,ord_3uQWqloNnc6690,2026-27,false,,WB:STU-0034|2026-04-21|36000.0|VPS00-2604-000206
155,STU-0488,2026-05-02,1500,cash,Offline via Cash,VPS00-2604-000188,ord_mtZxGKOigH8187,2026-27,false,,WB:STU-0488|2026-05-02|1500.0|VPS00-2604-000188
156,STU-0189,2026-04-06,3500,cash,Offline via Cash,VPS00-2604-00049,ord_UIqyIallkN8227,2025-26-or-older,false,,WB:STU-0189|2026-04-06|3500.0|VPS00-2604-00049
157,STU-0274,2026-03-09,5500,cash,Offline via Cash,VPS00-2603-00061,ord_x0RLQz5L0k1353,2025-26-or-older,false,,WB:STU-0274|2026-03-09|5500.0|VPS00-2603-00061
158,STU-0151,2026-05-01,8500,upi,Offline via UPI Transfer,VPS00-2604-000179,spo_m8YxFfgFYu7028,2026-27,false,,WB:STU-0151|2026-05-01|8500.0|VPS00-2604-000179
159,STU-0482,2026-04-09,6600,cash,Offline via Cash,VPS00-2604-00070,ord_yiwctVGlfH8972,2025-26-or-older,false,,WB:STU-0482|2026-04-09|6600.0|VPS00-2604-00070
160,STU-0089,2026-05-05,11500,upi,Offline via UPI Transfer,VPS00-2604-000195,spo_QPDdEgNHaV7434,2026-27,false,,WB:STU-0089|2026-05-05|11500.0|VPS00-2604-000195
161,STU-0358,2026-03-06,10000,bank_transfer,CoFee,VPS00-2603-00023,ord_FnjNCDw0ag7171,2025-26-or-older,false,,WB:STU-0358|2026-03-06|10000.0|VPS00-2603-00023
162,STU-0417,2026-04-10,9125,upi,Offline via UPI Transfer,VPS00-2604-00092,spo_eLHcS4tqJz4038,2026-27,false,,WB:STU-0417|2026-04-10|9125.0|VPS00-2604-00092
163,STU-0471,2026-04-04,7100,cash,Offline via Cash,VPS00-2604-00020,ord_aTcFzJztkz9102,2025-26-or-older,false,,WB:STU-0471|2026-04-04|7100.0|VPS00-2604-00020
164,STU-0323,2026-04-21,5250,bank_transfer,CoFee,VPS00-2604-00157,spo_gYhxcrRFYc6758,2026-27,false,,WB:STU-0323|2026-04-21|5250.0|VPS00-2604-00157
165,STU-0323,2026-04-21,500,bank_transfer,CoFee,VPS00-2604-00157,spo_gYhxcrRFYc6758,2026-27,false,,WB:STU-0323|2026-04-21|500.0|VPS00-2604-00157
166,STU-0256,2026-04-22,1500,cash,Offline via Cash,VPS00-2604-00161,ord_VI6fTQsno30667,2026-27,false,,WB:STU-0256|2026-04-22|1500.0|VPS00-2604-00161
167,STU-0190,2026-05-05,6125,cash,Offline via Cash,VPS00-2604-000193,spo_tuZOH7lWOT4178,2026-27,false,,WB:STU-0190|2026-05-05|6125.0|VPS00-2604-000193
168,STU-0386,2026-04-20,2750,bank_transfer,CoFee,VPS00-2604-00123,spo_STuZrpdMVS9499,2026-27,false,,WB:STU-0386|2026-04-20|2750.0|VPS00-2604-00123
169,STU-0386,2026-04-20,500,bank_transfer,CoFee,VPS00-2604-00123,spo_STuZrpdMVS9499,2026-27,false,,WB:STU-0386|2026-04-20|500.0|VPS00-2604-00123
170,STU-0421,2026-04-18,5750,bank_transfer,CoFee,VPS00-2604-00117,spo_twK4CQX8uh1535,2026-27,false,,WB:STU-0421|2026-04-18|5750.0|VPS00-2604-00117
171,STU-0421,2026-04-18,1750,bank_transfer,CoFee,VPS00-2604-00117,spo_twK4CQX8uh1535,2026-27,false,,WB:STU-0421|2026-04-18|1750.0|VPS00-2604-00117
172,STU-0421,2026-04-18,500,bank_transfer,CoFee,VPS00-2604-00117,spo_twK4CQX8uh1535,2026-27,false,,WB:STU-0421|2026-04-18|500.0|VPS00-2604-00117
173,STU-0063,2026-05-02,11000,cash,Offline via Cash,VPS00-2604-000184,spo_2ALv8imO9r9937,2026-27,false,,WB:STU-0063|2026-05-02|11000.0|VPS00-2604-000184
174,STU-0545,2026-04-09,5,cash,Offline via Cash,VPS00-2604-00075,spo_ubpdXcrE7n2245,2025-26-or-older,false,,WB:STU-0545|2026-04-09|5.0|VPS00-2604-00075
175,STU-0354,2026-04-02,19000,cash,Offline via Cash,VPS00-2604-00005,ord_pMDOuso8fU7286,2025-26-or-older,false,,WB:STU-0354|2026-04-02|19000.0|VPS00-2604-00005
176,STU-0213,2026-04-06,5500,cash,Offline via Cash,VPS00-2604-00052,spo_rINdBFFXDU1020,2025-26-or-older,false,,WB:STU-0213|2026-04-06|5500.0|VPS00-2604-00052
177,STU-0381,2026-04-16,8500,cash,Offline via Cash,VPS00-2604-00111,spo_q6jId6gln67450,2026-27,false,,WB:STU-0381|2026-04-16|8500.0|VPS00-2604-00111
178,STU-0161,2026-04-20,5375,cash,Offline via Cash,VPS00-2604-00139,spo_E1HothrfXU2219,2026-27,false,,WB:STU-0161|2026-04-20|5375.0|VPS00-2604-00139
179,STU-0156,2026-03-07,5000,cash,Offline via Cash,VPS00-2603-00038,spo_42CmYzMNcc5586,2025-26-or-older,false,,WB:STU-0156|2026-03-07|5000.0|VPS00-2603-00038
180,STU-0156,2026-03-17,12000,cash,Offline via Cash,VPS00-2603-00093,spo_HDlBbcF0Dn0630,2025-26-or-older,false,,WB:STU-0156|2026-03-17|12000.0|VPS00-2603-00093
181,STU-0125,2026-03-05,10000,cash,Offline via Cash,VPS00-2603-00004,spo_3Kwjv6lh3c0601,2025-26-or-older,false,,WB:STU-0125|2026-03-05|10000.0|VPS00-2603-00004
182,STU-0125,2026-03-30,13000,upi,Offline via UPI Transfer,VPS00-2603-00127,spo_hAhNLkEUvx6894,2025-26-or-older,false,,WB:STU-0125|2026-03-30|13000.0|VPS00-2603-00127
183,STU-0203,2026-04-02,8500,cash,Offline via Cash,VPS00-2604-00011,ord_JLaMtVPy5A9189,2025-26-or-older,false,,WB:STU-0203|2026-04-02|8500.0|VPS00-2604-00011
184,STU-0477,2026-03-17,3300,upi,Offline via UPI Transfer,VPS00-2603-00100,ord_RODVGyLtKu7128,2025-26-or-older,false,,WB:STU-0477|2026-03-17|3300.0|VPS00-2603-00100
185,STU-0148,2026-03-17,10500,upi,Offline via UPI Transfer,VPS00-2603-00098,ord_OFYsiCuxcb0353,2025-26-or-older,false,,WB:STU-0148|2026-03-17|10500.0|VPS00-2603-00098
186,STU-0474,2026-04-14,11100,cash,Offline via Cash,VPS00-2604-00099,ord_J1FQS9ClYR2421,2025-26-or-older,false,,WB:STU-0474|2026-04-14|11100.0|VPS00-2604-00099
187,STU-0087,2026-03-06,17500,upi,Offline via UPI Transfer,VPS00-2603-00015,spo_e0nuSMOrwj0448,2025-26-or-older,false,,WB:STU-0087|2026-03-06|17500.0|VPS00-2603-00015
188,STU-0411,2026-04-02,5000,cash,Offline via Cash,VPS00-2604-00008,spo_16rvRYrJum8089,2025-26-or-older,false,,WB:STU-0411|2026-04-02|5000.0|VPS00-2604-00008
189,STU-0411,2026-04-09,1000,cash,Offline via Cash,VPS00-2604-00072,spo_seUJqHmXpG6929,2025-26-or-older,false,,WB:STU-0411|2026-04-09|1000.0|VPS00-2604-00072
190,STU-0324,2026-04-15,5500,cash,Offline via Cash,VPS00-2604-00105,spo_p6IQrWzlUS1764,2026-27,false,,WB:STU-0324|2026-04-15|5500.0|VPS00-2604-00105
191,STU-0324,2026-04-15,2000,cash,Offline via Cash,VPS00-2604-00106,spo_KcRq5ORaZI2238,2026-27,false,,WB:STU-0324|2026-04-15|2000.0|VPS00-2604-00106
192,STU-0295,2026-02-27,9500,cash,Offline via Cash,VPS00-2602-00029,ord_PfXT3MTTM99806,2025-26-or-older,false,,WB:STU-0295|2026-02-27|9500.0|VPS00-2602-00029
193,STU-0207,2026-03-17,5500,bank_transfer,CoFee,VPS00-2603-00089,ord_TokESjuGJg8810,2025-26-or-older,false,,WB:STU-0207|2026-03-17|5500.0|VPS00-2603-00089
194,STU-0230,2026-03-16,10000,cash,Offline via Cash,VPS00-2603-00081,spo_9Fkvzf9ZtP4446,2025-26-or-older,false,,WB:STU-0230|2026-03-16|10000.0|VPS00-2603-00081
195,STU-0409,2026-04-07,28200,cash,Offline via Cash,VPS00-2604-00060,ord_omwxBDUSLi3854,2026-27,false,,WB:STU-0409|2026-04-07|28200.0|VPS00-2604-00060
196,STU-0251,2026-04-09,5000,cash,Offline via Cash,VPS00-2604-00074,ord_A2SL3wLdkH8288,2025-26-or-older,false,,WB:STU-0251|2026-04-09|5000.0|VPS00-2604-00074
197,STU-0048,2026-03-17,15000,upi,Offline via UPI Transfer,VPS00-2603-00096,ord_GDZLGkH93B3347,2025-26-or-older,false,,WB:STU-0048|2026-03-17|15000.0|VPS00-2603-00096
198,STU-0477,2026-05-07,6500,cash,Offline via Cash,VPS00-2604-000210,ord_1L5w5O5lX96806,2026-27,false,,WB:STU-0477|2026-05-07|6500.0|VPS00-2604-000210
199,STU-0175,2026-04-18,500,bank_transfer,CoFee,VPS00-2604-00114,spo_zWWhVI8av46213,2026-27,false,,WB:STU-0175|2026-04-18|500.0|VPS00-2604-00114
200,STU-0175,2026-04-18,4625,bank_transfer,CoFee,VPS00-2604-00114,spo_zWWhVI8av46213,2026-27,false,,WB:STU-0175|2026-04-18|4625.0|VPS00-2604-00114
201,STU-0175,2026-04-18,1375,bank_transfer,CoFee,VPS00-2604-00114,spo_zWWhVI8av46213,2026-27,false,,WB:STU-0175|2026-04-18|1375.0|VPS00-2604-00114
202,STU-0235,2026-03-12,3000,cash,Offline via Cash,VPS00-2603-00068,ord_N9mta3FVdp9426,2025-26-or-older,false,,WB:STU-0235|2026-03-12|3000.0|VPS00-2603-00068
203,STU-0217,2026-04-23,6750,cash,Offline via Cash,VPS00-2604-00167,spo_U0xy4WoEOj0318,2026-27,false,,WB:STU-0217|2026-04-23|6750.0|VPS00-2604-00167
204,STU-0321,2026-04-27,2000,cash,Offline via Cash,VPS00-2604-000174,spo_hBwr4gcKRT5011,2026-27,false,,WB:STU-0321|2026-04-27|2000.0|VPS00-2604-000174
205,STU-0303,2026-04-05,5000,bank_transfer,CoFee,VPS00-2604-00023,spo_BpGSvnrVCZ0429,2026-27,false,,WB:STU-0303|2026-04-05|5000.0|VPS00-2604-00023
206,STU-0303,2026-04-05,1750,bank_transfer,CoFee,VPS00-2604-00023,spo_BpGSvnrVCZ0429,2026-27,false,,WB:STU-0303|2026-04-05|1750.0|VPS00-2604-00023
207,STU-0303,2026-04-05,500,bank_transfer,CoFee,VPS00-2604-00023,spo_BpGSvnrVCZ0429,2026-27,false,,WB:STU-0303|2026-04-05|500.0|VPS00-2604-00023
208,STU-0257,2026-05-02,9000,upi,Offline via UPI Transfer,VPS00-2604-000182,spo_VfzOHer5iD9975,2026-27,false,,WB:STU-0257|2026-05-02|9000.0|VPS00-2604-000182
209,STU-0165,2026-04-06,8000,bank_transfer,CoFee,VPS00-2604-00027,ord_ujR3I1JGxr7551,2025-26-or-older,false,,WB:STU-0165|2026-04-06|8000.0|VPS00-2604-00027
210,STU-0450,2026-04-07,29500,cash,Offline via Cash,VPS00-2604-00061,spo_uLCxXMaYGZ3136,2025-26-or-older,false,,WB:STU-0450|2026-04-07|29500.0|VPS00-2604-00061
211,STU-0390,2026-04-06,9600,cash,Offline via Cash,VPS00-2604-00042,ord_cjOXeVo9136371,2025-26-or-older,false,,WB:STU-0390|2026-04-06|9600.0|VPS00-2604-00042
212,STU-0484,2026-05-05,6300,cash,Offline via Cash,VPS00-2604-000192,ord_zfCWmHZC188991,2025-26-or-older,false,,WB:STU-0484|2026-05-05|6300.0|VPS00-2604-000192
213,STU-0098,2026-04-20,5250,cash,Offline via Cash,VPS00-2604-00137,spo_WLowqRX8HN9113,2026-27,false,,WB:STU-0098|2026-04-20|5250.0|VPS00-2604-00137
214,STU-0268,2026-03-10,16000,cash,Offline via Cash,VPS00-2603-00065,ord_C2cEwwwobu5449,2025-26-or-older,false,,WB:STU-0268|2026-03-10|16000.0|VPS00-2603-00065
215,STU-0175,2026-03-05,3000,upi,Offline via UPI Transfer,VPS00-2603-00013,ord_w95AwweTCH4366,2025-26-or-older,false,,WB:STU-0175|2026-03-05|3000.0|VPS00-2603-00013
216,STU-0512,2026-03-07,9000,upi,Offline via UPI Transfer,VPS00-2603-00030,ord_Orr0h1S5iu9004,2025-26-or-older,false,,WB:STU-0512|2026-03-07|9000.0|VPS00-2603-00030
217,STU-0040,2026-02-27,10000,cash,Offline via Cash,VPS00-2602-00028,spo_hFX8495O3I6410,2025-26-or-older,false,,WB:STU-0040|2026-02-27|10000.0|VPS00-2602-00028
218,STU-0040,2026-04-22,7500,cash,Offline via Cash,VPS00-2604-00160,spo_vBAIvFtjGw4342,2025-26-or-older,false,,WB:STU-0040|2026-04-22|7500.0|VPS00-2604-00160
219,STU-0395,2026-04-09,8500,cash,Offline via Cash,VPS00-2604-00077,ord_rlOMSncnM21232,2025-26-or-older,false,,WB:STU-0395|2026-04-09|8500.0|VPS00-2604-00077
220,STU-0305,2026-04-02,5500,cash,Offline via Cash,VPS00-2604-00009,ord_9J39QPKaK97912,2025-26-or-older,false,,WB:STU-0305|2026-04-02|5500.0|VPS00-2604-00009
221,STU-0284,2026-03-06,11600,upi,Offline via UPI Transfer,VPS00-2603-00020,ord_yPh45iOxEY8092,2025-26-or-older,false,,WB:STU-0284|2026-03-06|11600.0|VPS00-2603-00020
222,STU-0328,2026-04-16,5500,cash,Offline via Cash,VPS00-2604-00110,ord_yk0145UUoB5222,2025-26-or-older,false,,WB:STU-0328|2026-04-16|5500.0|VPS00-2604-00110
223,STU-0226,2026-05-05,3500,cash,Offline via Cash,VPS00-2604-000196,spo_9TiJ4ORf0i8690,2026-27,false,,WB:STU-0226|2026-05-05|3500.0|VPS00-2604-000196
224,STU-0257,2026-03-30,3000,upi,Offline via UPI Transfer,VPS00-2603-00120,ord_5AdaK9A07q5057,2025-26-or-older,false,,WB:STU-0257|2026-03-30|3000.0|VPS00-2603-00120
225,STU-0285,2026-04-04,10000,cash,Offline via Cash,VPS00-2604-00018,ord_WJAaqVlng67542,2025-26-or-older,false,,WB:STU-0285|2026-04-04|10000.0|VPS00-2604-00018
226,STU-0194,2026-03-30,7500,upi,Offline via UPI Transfer,VPS00-2603-00117,spo_7ds1vzHfFe0624,2025-26-or-older,false,,WB:STU-0194|2026-03-30|7500.0|VPS00-2603-00117
227,STU-0187,2026-04-13,8000,cash,Offline via Cash,VPS00-2604-00097,spo_UUrktvo3HC7629,2025-26-or-older,false,,WB:STU-0187|2026-04-13|8000.0|VPS00-2604-00097
228,STU-0519,2026-04-20,2625,cash,Offline via Cash,VPS00-2604-00148,spo_TFpJmln78J7469,2026-27,false,,WB:STU-0519|2026-04-20|2625.0|VPS00-2604-00148
229,STU-0445,2026-05-13,30200,cash,Offline via Cash,VPS00-2604-000217,ord_3vvEydybbY5521,2026-27,false,,WB:STU-0445|2026-05-13|30200.0|VPS00-2604-000217
230,STU-0104,2026-04-09,9000,cash,Offline via Cash,VPS00-2604-00073,spo_sdEoOqwDsw8422,2025-26-or-older,false,,WB:STU-0104|2026-04-09|9000.0|VPS00-2604-00073
231,STU-0320,2026-03-12,1500,upi,Offline via UPI Transfer,VPS00-2603-00075,ord_sgpoKsLtJg3206,2025-26-or-older,false,,WB:STU-0320|2026-03-12|1500.0|VPS00-2603-00075
232,STU-0323,2026-03-06,4500,bank_transfer,CoFee,VPS00-2603-00022,ord_Bbb1xFPUcP4887,2025-26-or-older,false,,WB:STU-0323|2026-03-06|4500.0|VPS00-2603-00022
233,STU-0129,2026-05-05,4500,cash,Offline via Cash,VPS00-2604-000198,spo_UxshxiCR0J2981,2026-27,false,,WB:STU-0129|2026-05-05|4500.0|VPS00-2604-000198
234,STU-0126,2026-03-07,3000,cash,Offline via Cash,VPS00-2603-00026,ord_n5G50zG1Uj0985,2025-26-or-older,false,,WB:STU-0126|2026-03-07|3000.0|VPS00-2603-00026
235,STU-0100,2026-03-06,7600,upi,Offline via UPI Transfer,VPS00-2603-00021,ord_P8lpdtmDr39264,2025-26-or-older,false,,WB:STU-0100|2026-03-06|7600.0|VPS00-2603-00021
236,STU-0454,2026-03-09,10000,bank_transfer,CoFee,VPS00-2603-00049,ord_VwA0C9pTwc9192,2025-26-or-older,false,,WB:STU-0454|2026-03-09|10000.0|VPS00-2603-00049
237,STU-0233,2026-04-02,9000,cash,Offline via Cash,VPS00-2604-00033,ord_IdJd0d1lOY1012,2026-27,false,,WB:STU-0233|2026-04-02|9000.0|VPS00-2604-00033
238,STU-0421,2026-02-20,13800,upi,Offline via UPI Transfer,VPS00-2602-00003,ord_NSeq1AsPEP4463,2025-26-or-older,false,,WB:STU-0421|2026-02-20|13800.0|VPS00-2602-00003
239,STU-0417,2026-03-09,22000,upi,Offline via UPI Transfer,VPS00-2603-00050,ord_GeQVAYgrD01103,2025-26-or-older,false,,WB:STU-0417|2026-03-09|22000.0|VPS00-2603-00050
240,STU-0263,2026-03-30,5375,cash,Offline via Cash,VPS00-2603-00137,ord_fwc3qMfRBc2418,2026-27,false,,WB:STU-0263|2026-03-30|5375.0|VPS00-2603-00137
241,STU-0251,2026-04-21,5250,bank_transfer,CoFee,VPS00-2604-00154,spo_hwS4XLJZzI8911,2026-27,false,,WB:STU-0251|2026-04-21|5250.0|VPS00-2604-00154
242,STU-0251,2026-04-21,500,bank_transfer,CoFee,VPS00-2604-00154,spo_hwS4XLJZzI8911,2026-27,false,,WB:STU-0251|2026-04-21|500.0|VPS00-2604-00154
243,STU-0245,2026-03-09,10000,upi,Offline via UPI Transfer,VPS00-2603-00048,ord_Pvene0lQXK4274,2025-26-or-older,false,,WB:STU-0245|2026-03-09|10000.0|VPS00-2603-00048
244,STU-0297,2026-04-08,15000,cash,Offline via Cash,VPS00-2604-00069,ord_SZC7ldB9XM3904,2025-26-or-older,false,,WB:STU-0297|2026-04-08|15000.0|VPS00-2604-00069
245,STU-0471,2026-04-04,7375,upi,Offline via UPI Transfer,VPS00-2604-00039,spo_pJ9YvLIM8W4633,2026-27,false,,WB:STU-0471|2026-04-04|7375.0|VPS00-2604-00039
246,STU-0250,2026-02-28,18000,cash,Offline via Cash,VPS00-2602-00033,ord_6UsiVLFaYl0987,2025-26-or-older,false,,WB:STU-0250|2026-02-28|18000.0|VPS00-2602-00033
247,STU-0396,2026-03-09,5500,upi,Offline via UPI Transfer,VPS00-2603-00045,spo_4SCEqIqFca1484,2025-26-or-older,false,,WB:STU-0396|2026-03-09|5500.0|VPS00-2603-00045
248,STU-0290,2026-04-06,500,cash,Offline via Cash,VPS00-2604-00051,spo_Pw7E3eAZvI7823,2025-26-or-older,false,,WB:STU-0290|2026-04-06|500.0|VPS00-2604-00051
249,STU-0294,2026-03-30,9000,upi,Offline via UPI Transfer,VPS00-2603-00111,ord_Aq9HuT8m991648,2025-26-or-older,false,,WB:STU-0294|2026-03-30|9000.0|VPS00-2603-00111
250,STU-0171,2026-03-30,6500,upi,Offline via UPI Transfer,VPS00-2603-00115,ord_xjnkCH4lnk1380,2025-26-or-older,false,,WB:STU-0171|2026-03-30|6500.0|VPS00-2603-00115
251,STU-0259,2026-04-01,25600,cash,Offline via Cash,VPS00-2604-00031,ord_g6CQoXw8P57692,2026-27,false,,WB:STU-0259|2026-04-01|25600.0|VPS00-2604-00031
252,STU-0126,2026-04-10,500,cash,Offline via Cash,VPS00-2604-00094,ord_45xYZwf8kb7099,2026-27,false,,WB:STU-0126|2026-04-10|500.0|VPS00-2604-00094
253,STU-0107,2026-04-27,6500,cash,Offline via Cash,VPS00-2604-000173,spo_LwGvXpN51r4491,2026-27,false,,WB:STU-0107|2026-04-27|6500.0|VPS00-2604-000173
254,STU-0376,2026-04-08,5500,cash,Offline via Cash,VPS00-2604-00068,spo_kwD4kq73Nb7059,2025-26-or-older,false,,WB:STU-0376|2026-04-08|5500.0|VPS00-2604-00068
255,STU-0376,2026-04-09,1100,cash,Offline via Cash,VPS00-2604-00082,spo_37CyWBnY7G0374,2025-26-or-older,false,,WB:STU-0376|2026-04-09|1100.0|VPS00-2604-00082
256,STU-0471,2026-04-04,6875,upi,Offline via UPI Transfer,VPS00-2604-00040,ord_mvDxcEddPj8522,2026-27,false,,WB:STU-0471|2026-04-04|6875.0|VPS00-2604-00040
257,STU-0233,2026-03-14,8000,cash,Offline via Cash,VPS00-2603-00078,ord_DrTKXxbEnM0006,2025-26-or-older,false,,WB:STU-0233|2026-03-14|8000.0|VPS00-2603-00078
258,STU-0166,2026-04-13,500,cash,Offline via Cash,VPS00-2604-00095,ord_rQw6wa4FZd8777,2026-27,false,,WB:STU-0166|2026-04-13|500.0|VPS00-2604-00095
259,STU-0096,2026-04-20,32500,cash,Offline via Cash,VPS00-2604-00134,ord_jTwNVJaYHU7078,2026-27,false,,WB:STU-0096|2026-04-20|32500.0|VPS00-2604-00134
260,STU-0530,2026-02-27,8000,cash,Offline via Cash,VPS00-2602-00024,ord_924pm01qgg6692,2025-26-or-older,false,,WB:STU-0530|2026-02-27|8000.0|VPS00-2602-00024
261,STU-0092,2026-03-09,20000,bank_transfer,CoFee,VPS00-2603-00043,ord_qPb7FuBCwd8072,2025-26-or-older,false,,WB:STU-0092|2026-03-09|20000.0|VPS00-2603-00043
262,STU-0212,2026-04-08,1000,cash,Offline via Cash,VPS00-2604-00064,spo_ydf0QIEMRC0543,2025-26-or-older,false,,WB:STU-0212|2026-04-08|1000.0|VPS00-2604-00064
263,STU-0212,2026-04-09,4500,cash,Offline via Cash,VPS00-2604-00085,spo_qmCedJTRjS1771,2025-26-or-older,false,,WB:STU-0212|2026-04-09|4500.0|VPS00-2604-00085
264,STU-0064,2026-04-06,6600,cash,Offline via Cash,VPS00-2604-00050,ord_J9O4UUz7zP1608,2025-26-or-older,false,,WB:STU-0064|2026-04-06|6600.0|VPS00-2604-00050
265,STU-0183,2026-03-30,5125,cash,Offline via Cash,VPS00-2603-00136,ord_VRS4BAy05w7306,2026-27,false,,WB:STU-0183|2026-03-30|5125.0|VPS00-2603-00136
266,STU-0129,2026-04-06,500,cash,Offline via Cash,VPS00-2604-00046,ord_9OnPMmq1Bo9820,2026-27,false,,WB:STU-0129|2026-04-06|500.0|VPS00-2604-00046
267,STU-0211,2026-04-06,10000,cash,Offline via Cash,VPS00-2604-00048,spo_PqnmTR0AMI5747,2025-26-or-older,false,,WB:STU-0211|2026-04-06|10000.0|VPS00-2604-00048
268,STU-0228,2026-03-30,10500,upi,Offline via UPI Transfer,VPS00-2603-00113,ord_DVVLKiY7iv9719,2025-26-or-older,false,,WB:STU-0228|2026-03-30|10500.0|VPS00-2603-00113
269,STU-0052,2026-03-17,10000,cash,Offline via Cash,VPS00-2603-00097,spo_U8skb75foI5200,2025-26-or-older,false,,WB:STU-0052|2026-03-17|10000.0|VPS00-2603-00097
270,STU-0272,2026-04-20,2937,cash,Offline via Cash,VPS00-2604-00151,spo_atNuNfZke33766,2026-27,false,,WB:STU-0272|2026-04-20|2937.0|VPS00-2604-00151
271,STU-0388,2026-03-30,500,cash,Offline via Cash,VPS00-2603-00132,ord_IH3Pwe5UQX3571,2025-26-or-older,false,,WB:STU-0388|2026-03-30|500.0|VPS00-2603-00132
272,STU-0251,2026-02-20,8000,cash,Offline via Cash,VPS00-2602-00004,spo_Ctr7Ia686F9456,2025-26-or-older,false,,WB:STU-0251|2026-02-20|8000.0|VPS00-2602-00004
273,STU-0251,2026-02-20,4500,upi,Offline via UPI Transfer,VPS00-2602-00005,spo_8ffHfpVliZ9526,2025-26-or-older,false,,WB:STU-0251|2026-02-20|4500.0|VPS00-2602-00005
274,STU-0061,2026-03-09,15000,cash,Offline via Cash,VPS00-2603-00058,ord_oAyF1cnK0G9806,2025-26-or-older,false,,WB:STU-0061|2026-03-09|15000.0|VPS00-2603-00058
275,STU-0423,2026-02-21,10000,upi,Offline via UPI Transfer,VPS00-2602-00007,spo_fH8wOPBNUa5980,2025-26-or-older,false,,WB:STU-0423|2026-02-21|10000.0|VPS00-2602-00007
276,STU-0129,2026-04-06,8000,cash,Offline via Cash,VPS00-2604-00045,ord_C8ofwLEpqU7598,2025-26-or-older,false,,WB:STU-0129|2026-04-06|8000.0|VPS00-2604-00045
277,STU-0533,2026-03-09,10000,cash,Offline via Cash,VPS00-2603-00053,spo_RM9DSpcZiq8116,2025-26-or-older,false,,WB:STU-0533|2026-03-09|10000.0|VPS00-2603-00053
278,STU-0533,2026-04-16,1500,cash,Offline via Cash,VPS00-2604-00109,spo_reBY1HxTns1951,2025-26-or-older,false,,WB:STU-0533|2026-04-16|1500.0|VPS00-2604-00109
279,STU-0519,2026-04-22,6375,cash,Offline via Cash,VPS00-2604-00162,ord_c2VkYBR4oy6980,2026-27,false,,WB:STU-0519|2026-04-22|6375.0|VPS00-2604-00162
280,STU-0363,2026-04-01,27800,cash,Offline via Cash,VPS00-2604-00003,ord_m0oM92GETa5032,2025-26-or-older,false,,WB:STU-0363|2026-04-01|27800.0|VPS00-2604-00003
281,STU-0062,2026-04-17,8500,cash,Offline via Cash,VPS00-2604-00113,spo_N18gMcfhvx9613,2026-27,false,,WB:STU-0062|2026-04-17|8500.0|VPS00-2604-00113
282,STU-0242,2026-04-20,2937,cash,Offline via Cash,VPS00-2604-00142,spo_MvlbCBK2NN0559,2026-27,false,,WB:STU-0242|2026-04-20|2937.0|VPS00-2604-00142
283,STU-0357,2026-02-27,13500,cash,Offline via Cash,VPS00-2602-00025,ord_JfNL36ScHr6558,2025-26-or-older,false,,WB:STU-0357|2026-02-27|13500.0|VPS00-2602-00025
284,STU-0058,2026-03-09,9000,bank_transfer,CoFee,VPS00-2603-00062,ord_S0CrFje0pf0717,2025-26-or-older,false,,WB:STU-0058|2026-03-09|9000.0|VPS00-2603-00062
285,STU-0399,2026-03-07,7600,cash,Offline via Cash,VPS00-2603-00032,ord_IXEQQw81r59982,2025-26-or-older,false,,WB:STU-0399|2026-03-07|7600.0|VPS00-2603-00032
286,STU-0269,2026-04-06,1375,bank_transfer,CoFee,VPS00-2604-00026,ord_WaIMWVRJZP2518,2026-27,false,,WB:STU-0269|2026-04-06|1375.0|VPS00-2604-00026
287,STU-0269,2026-04-06,500,bank_transfer,CoFee,VPS00-2604-00026,ord_WaIMWVRJZP2518,2026-27,false,,WB:STU-0269|2026-04-06|500.0|VPS00-2604-00026
288,STU-0424,2026-03-16,5000,cash,Offline via Cash,VPS00-2603-00087,spo_DdTqKqBwkb7354,2025-26-or-older,false,,WB:STU-0424|2026-03-16|5000.0|VPS00-2603-00087
289,STU-0419,2026-04-20,3300,upi,Offline via UPI Transfer,VPS00-2604-00132,ord_r85Ww90cn39783,2025-26-or-older,false,,WB:STU-0419|2026-04-20|3300.0|VPS00-2604-00132
290,STU-0481,2026-02-27,8000,cash,Offline via Cash,VPS00-2602-00031,ord_0v5oGPCwzU5917,2025-26-or-older,false,,WB:STU-0481|2026-02-27|8000.0|VPS00-2602-00031
291,STU-0366,2026-03-14,10000,cash,Offline via Cash,VPS00-2603-00079,ord_ijpmfWA7MV0169,2025-26-or-older,false,,WB:STU-0366|2026-03-14|10000.0|VPS00-2603-00079
292,STU-0301,2026-04-08,6500,cash,Offline via Cash,VPS00-2604-00058,spo_EVWvYPjF676500,2025-26-or-older,false,,WB:STU-0301|2026-04-08|6500.0|VPS00-2604-00058
293,STU-0131,2026-05-07,6500,cash,Offline via Cash,VPS00-2604-000204,spo_mKrGy1drhN2095,2026-27,false,,WB:STU-0131|2026-05-07|6500.0|VPS00-2604-000204
294,STU-0454,2026-05-02,6500,cash,Offline via Cash,VPS00-2604-000186,spo_BuLRJRCoAq2500,2026-27,false,,WB:STU-0454|2026-05-02|6500.0|VPS00-2604-000186
295,STU-0403,2026-03-09,16000,upi,Offline via UPI Transfer,VPS00-2603-00042,ord_cpFlev1fv37536,2025-26-or-older,false,,WB:STU-0403|2026-03-09|16000.0|VPS00-2603-00042
296,STU-0257,2026-03-30,18500,upi,Offline via UPI Transfer,VPS00-2603-00119,ord_Yl2njdSCwW7239,2025-26-or-older,false,,WB:STU-0257|2026-03-30|18500.0|VPS00-2603-00119
297,STU-0036,2026-05-08,4000,cash,Offline via Cash,VPS00-2604-000212,ord_lpaUkH51ml4908,2026-27,false,,WB:STU-0036|2026-05-08|4000.0|VPS00-2604-000212
298,STU-0356,2026-03-12,10000,cash,Offline via Cash,VPS00-2603-00072,spo_Q9eLcJ8iFP7965,2025-26-or-older,false,,WB:STU-0356|2026-03-12|10000.0|VPS00-2603-00072
299,STU-0039,2026-05-13,41200,cash,Offline via Cash,VPS00-2604-000216,ord_tOcCoWdAOS4573,2026-27,false,,WB:STU-0039|2026-05-13|41200.0|VPS00-2604-000216
300,STU-0535,2026-03-06,10500,upi,Offline via UPI Transfer,VPS00-2603-00025,ord_srujezt1al3714,2025-26-or-older,false,,WB:STU-0535|2026-03-06|10500.0|VPS00-2603-00025
301,STU-0146,2026-04-08,24100,cash,Offline via Cash,VPS00-2604-00066,ord_GvLuR80z9k7739,2026-27,false,,WB:STU-0146|2026-04-08|24100.0|VPS00-2604-00066
302,STU-0201,2026-04-20,12500,cash,Offline via Cash,VPS00-2604-00130,ord_Y2PrcEeBp87193,2026-27,false,,WB:STU-0201|2026-04-20|12500.0|VPS00-2604-00130
303,STU-0352,2026-04-15,15000,upi,Offline via UPI Transfer,VPS00-2604-00101,ord_8ZgTphbXgV8817,2025-26-or-older,false,,WB:STU-0352|2026-04-15|15000.0|VPS00-2604-00101
304,STU-0131,2026-03-30,5000,cash,Offline via Cash,VPS00-2603-00110,spo_5OZqqLbVOo1824,2025-26-or-older,false,,WB:STU-0131|2026-03-30|5000.0|VPS00-2603-00110
305,STU-0229,2026-04-15,5250,cash,Offline via Cash,VPS00-2604-00103,spo_GIoW1uox3c0427,2026-27,false,,WB:STU-0229|2026-04-15|5250.0|VPS00-2604-00103
306,STU-0100,2026-05-09,2500,cash,Offline via Cash,VPS00-2604-000213,ord_cpV5jjJxHP1968,2026-27,false,,WB:STU-0100|2026-05-09|2500.0|VPS00-2604-000213
307,STU-0369,2026-05-01,7750,upi,Offline via UPI Transfer,VPS00-2604-000180,spo_OQr3L6p4y99648,2026-27,false,,WB:STU-0369|2026-05-01|7750.0|VPS00-2604-000180
308,STU-0416,2026-04-04,6000,bank_transfer,CoFee,VPS00-2604-00015,ord_lWeQligqCy2864,2025-26-or-older,false,,WB:STU-0416|2026-04-04|6000.0|VPS00-2604-00015
309,STU-0231,2026-04-20,27500,cash,Offline via Cash,VPS00-2604-00128,ord_vJ9AxgWSSx4935,2026-27,false,,WB:STU-0231|2026-04-20|27500.0|VPS00-2604-00128
310,STU-0384,2026-03-30,5500,cash,Offline via Cash,VPS00-2603-00129,ord_CgYIOPY7hN7022,2025-26-or-older,false,,WB:STU-0384|2026-03-30|5500.0|VPS00-2603-00129
311,STU-0359,2026-04-08,15000,cash,Offline via Cash,VPS00-2604-00067,ord_cNbSIdbQyS2119,2026-27,false,,WB:STU-0359|2026-04-08|15000.0|VPS00-2604-00067
312,STU-0274,2026-03-09,17000,cash,Offline via Cash,VPS00-2603-00060,ord_fWKtNQue231269,2025-26-or-older,false,,WB:STU-0274|2026-03-09|17000.0|VPS00-2603-00060
313,STU-0197,2026-04-20,21500,cash,Offline via Cash,VPS00-2604-00136,ord_GKPaAmmvn96783,2026-27,false,,WB:STU-0197|2026-04-20|21500.0|VPS00-2604-00136
314,STU-0252,2026-04-20,2437,bank_transfer,CoFee,VPS00-2604-00122,spo_V1kjRWuoEm4603,2026-27,false,,WB:STU-0252|2026-04-20|2437.0|VPS00-2604-00122
315,STU-0252,2026-04-20,500,bank_transfer,CoFee,VPS00-2604-00122,spo_V1kjRWuoEm4603,2026-27,false,,WB:STU-0252|2026-04-20|500.0|VPS00-2604-00122
316,STU-0049,2026-03-09,10000,cash,Offline via Cash,VPS00-2603-00059,spo_lZRA5Mdbhq1000,2025-26-or-older,false,,WB:STU-0049|2026-03-09|10000.0|VPS00-2603-00059
317,STU-0253,2026-05-05,7125,cash,Offline via Cash,VPS00-2604-000194,spo_SBBmChmQs63767,2026-27,false,,WB:STU-0253|2026-05-05|7125.0|VPS00-2604-000194
318,STU-0085,2026-03-06,15000,cash,Offline via Cash,VPS00-2603-00018,spo_XGJM49NU0R4440,2025-26-or-older,false,,WB:STU-0085|2026-03-06|15000.0|VPS00-2603-00018
319,STU-0542,2026-03-16,12000,cash,Offline via Cash,VPS00-2603-00086,spo_YgH57VTJNt4106,2025-26-or-older,false,,WB:STU-0542|2026-03-16|12000.0|VPS00-2603-00086
320,STU-0542,2026-04-04,5300,cash,Offline via Cash,VPS00-2604-00021,spo_t4ETCIGlte2473,2025-26-or-older,false,,WB:STU-0542|2026-04-04|5300.0|VPS00-2604-00021
321,STU-0542,2026-04-06,17700,cash,Offline via Cash,VPS00-2604-00028,spo_hEo0lucwqJ8510,2025-26-or-older,false,,WB:STU-0542|2026-04-06|17700.0|VPS00-2604-00028
322,STU-0171,2026-05-07,6875,cash,Offline via Cash,VPS00-2604-000209,spo_00ERILUFg47895,2026-27,false,,WB:STU-0171|2026-05-07|6875.0|VPS00-2604-000209
323,STU-0092,2026-05-02,10000,cash,Offline via Cash,VPS00-2604-000185,spo_HKia7Wkldi0211,2026-27,false,,WB:STU-0092|2026-05-02|10000.0|VPS00-2604-000185
324,STU-0292,2026-03-05,10000,cash,Offline via Cash,VPS00-2603-00006,spo_ORHjpQvmW47123,2025-26-or-older,false,,WB:STU-0292|2026-03-05|10000.0|VPS00-2603-00006
325,STU-0280,2026-03-30,19000,upi,Offline via UPI Transfer,VPS00-2603-00123,ord_gGJIXWRMA02417,2025-26-or-older,false,,WB:STU-0280|2026-03-30|19000.0|VPS00-2603-00123
326,STU-0133,2026-03-07,5000,upi,Offline via UPI Transfer,VPS00-2603-00041,spo_2NjNFpT5c70254,2025-26-or-older,false,,WB:STU-0133|2026-03-07|5000.0|VPS00-2603-00041
327,STU-0133,2026-04-08,12600,cash,Offline via Cash,VPS00-2604-00054,spo_U4SmKdUomI8597,2025-26-or-older,false,,WB:STU-0133|2026-04-08|12600.0|VPS00-2604-00054
328,STU-0490,2026-04-08,12000,cash,Offline via Cash,VPS00-2604-00059,ord_NTZgagQP3R5554,2026-27,false,,WB:STU-0490|2026-04-08|12000.0|VPS00-2604-00059
329,STU-0331,2026-04-20,3125,cash,Offline via Cash,VPS00-2604-00150,spo_Scv2D8Wybd6670,2026-27,false,,WB:STU-0331|2026-04-20|3125.0|VPS00-2604-00150
330,STU-0249,2026-03-13,6000,cash,Offline via Cash,VPS00-2603-00076,ord_zeUivGpXPZ6192,2025-26-or-older,false,,WB:STU-0249|2026-03-13|6000.0|VPS00-2603-00076
331,STU-0178,2026-03-30,7000,upi,Offline via UPI Transfer,VPS00-2603-00118,ord_XWQM8M1FId5990,2025-26-or-older,false,,WB:STU-0178|2026-03-30|7000.0|VPS00-2603-00118
332,STU-0333,2026-04-02,13500,cash,Offline via Cash,VPS00-2604-00013,ord_nUmPl5NtU67266,2025-26-or-older,false,,WB:STU-0333|2026-04-02|13500.0|VPS00-2604-00013
333,STU-0192,2026-04-04,7000,bank_transfer,CoFee,VPS00-2604-00016,ord_mjLeW8dsAx8559,2025-26-or-older,false,,WB:STU-0192|2026-04-04|7000.0|VPS00-2604-00016
334,STU-0103,2026-03-16,10000,cash,Offline via Cash,VPS00-2603-00082,spo_pRvHNPjdQf3690,2025-26-or-older,false,,WB:STU-0103|2026-03-16|10000.0|VPS00-2603-00082
335,STU-0364,2026-04-06,12000,upi,Offline via UPI Transfer,VPS00-2604-00043,ord_CtuZlJQm094425,2025-26-or-older,false,,WB:STU-0364|2026-04-06|12000.0|VPS00-2604-00043
336,STU-0289,2026-04-20,1875,cash,Offline via Cash,VPS00-2604-00125,ord_oNRV3y6yiZ9868,2026-27,false,,WB:STU-0289|2026-04-20|1875.0|VPS00-2604-00125
337,STU-0055,2026-03-05,12600,cash,Offline via Cash,VPS00-2603-00005,ord_dIAua9DPnN5185,2025-26-or-older,false,,WB:STU-0055|2026-03-05|12600.0|VPS00-2603-00005
338,STU-0535,2026-04-15,4250,bank_transfer,CoFee,VPS00-2604-00100,spo_ybRuC63XAY0504,2026-27,false,,WB:STU-0535|2026-04-15|4250.0|VPS00-2604-00100
339,STU-0535,2026-04-15,500,bank_transfer,CoFee,VPS00-2604-00100,spo_ybRuC63XAY0504,2026-27,false,,WB:STU-0535|2026-04-15|500.0|VPS00-2604-00100
340,STU-0396,2026-04-20,7625,upi,Offline via UPI Transfer,VPS00-2604-00120,spo_SD3WFFQPfn6737,2026-27,false,,WB:STU-0396|2026-04-20|7625.0|VPS00-2604-00120
341,STU-0413,2026-03-07,8000,cash,Offline via Cash,VPS00-2603-00029,spo_IjYiP0JHWz8340,2025-26-or-older,false,,WB:STU-0413|2026-03-07|8000.0|VPS00-2603-00029
342,STU-0413,2026-04-29,10000,cash,Offline via Cash,VPS00-2604-000176,spo_2Ek4Wp3xvg4784,2025-26-or-older,false,,WB:STU-0413|2026-04-29|10000.0|VPS00-2604-000176
343,STU-0446,2026-05-08,3875,cash,Offline via Cash,VPS00-2604-000211,ord_MpQN1PpnEf5791,2026-27,false,,WB:STU-0446|2026-05-08|3875.0|VPS00-2604-000211
344,STU-0391,2026-03-17,7500,bank_transfer,CoFee,VPS00-2603-00090,ord_7VvNN8Cc186856,2025-26-or-older,false,,WB:STU-0391|2026-03-17|7500.0|VPS00-2603-00090
345,STU-0391,2026-03-17,5500,bank_transfer,CoFee,VPS00-2603-00090,ord_7VvNN8Cc186856,2025-26-or-older,false,,WB:STU-0391|2026-03-17|5500.0|VPS00-2603-00090
346,STU-0296,2026-04-15,19500,cash,Offline via Cash,VPS00-2604-00104,ord_MLvl1x628P8678,2026-27,false,,WB:STU-0296|2026-04-15|19500.0|VPS00-2604-00104
347,STU-0475,2026-03-17,300,cash,Offline via Cash,VPS00-2603-00099,ord_nHAC7i6dTO8390,2025-26-or-older,false,,WB:STU-0475|2026-03-17|300.0|VPS00-2603-00099
348,STU-0418,2026-03-09,4500,cash,Offline via Cash,VPS00-2603-00055,spo_KDIvPl5wgR4824,2025-26-or-older,false,,WB:STU-0418|2026-03-09|4500.0|VPS00-2603-00055
349,STU-0227,2026-04-17,10000,upi,Offline via UPI Transfer,VPS00-2604-00112,spo_EE9Kei8HeW5616,2025-26-or-older,false,,WB:STU-0227|2026-04-17|10000.0|VPS00-2604-00112
350,STU-0358,2026-04-21,5500,bank_transfer,CoFee,VPS00-2604-00156,spo_GzQm8oVvXz5812,2026-27,false,,WB:STU-0358|2026-04-21|5500.0|VPS00-2604-00156
351,STU-0358,2026-04-21,500,bank_transfer,CoFee,VPS00-2604-00156,spo_GzQm8oVvXz5812,2026-27,false,,WB:STU-0358|2026-04-21|500.0|VPS00-2604-00156
352,STU-0246,2026-05-09,4191,bank_transfer,CoFee,VPS00-2604-000208,spo_xIJTuSUe1n4309,2026-27,false,,WB:STU-0246|2026-05-09|4190.79|VPS00-2604-000208
353,STU-0246,2026-05-09,1504,bank_transfer,CoFee,VPS00-2604-000208,spo_xIJTuSUe1n4309,2026-27,false,,WB:STU-0246|2026-05-09|1504.39|VPS00-2604-000208
354,STU-0246,2026-05-09,430,bank_transfer,CoFee,VPS00-2604-000208,spo_xIJTuSUe1n4309,2026-27,false,,WB:STU-0246|2026-05-09|429.82|VPS00-2604-000208
355,STU-0246,2026-05-09,1000,bank_transfer,CoFee,VPS00-2604-000208,spo_xIJTuSUe1n4309,2026-27,false,,WB:STU-0246|2026-05-09|1000.0|VPS00-2604-000208
356,STU-0179,2026-03-05,20000,cash,Offline via Cash,VPS00-2603-00011,spo_O6N5U4kgEM5077,2025-26-or-older,false,,WB:STU-0179|2026-03-05|20000.0|VPS00-2603-00011
357,STU-0179,2026-04-09,10000,cash,Offline via Cash,VPS00-2604-00087,spo_Vso5obmVw40312,2025-26-or-older,false,,WB:STU-0179|2026-04-09|10000.0|VPS00-2604-00087
358,STU-0427,2026-03-05,9000,upi,Offline via UPI Transfer,VPS00-2603-00009,ord_gOmKtioO2W5919,2025-26-or-older,false,,WB:STU-0427|2026-03-05|9000.0|VPS00-2603-00009
359,STU-0416,2026-04-02,4375,cash,Offline via Cash,VPS00-2604-00036,ord_eCcXji6dDX9813,2026-27,false,,WB:STU-0416|2026-04-02|4375.0|VPS00-2604-00036
360,STU-0189,2026-05-02,6125,cash,Offline via Cash,VPS00-2604-000183,spo_sY8RG4NRyw1794,2026-27,false,,WB:STU-0189|2026-05-02|6125.0|VPS00-2604-000183
361,STU-0253,2026-02-24,10000,cash,Offline via Cash,VPS00-2602-00013,spo_NOb5NNNuOs9883,2025-26-or-older,false,,WB:STU-0253|2026-02-24|10000.0|VPS00-2602-00013
362,STU-0253,2026-03-30,4600,upi,Offline via UPI Transfer,VPS00-2603-00130,spo_Z4vzBrcA7l6999,2025-26-or-older,false,,WB:STU-0253|2026-03-30|4600.0|VPS00-2603-00130
363,STU-0467,2026-04-09,28500,cash,Offline via Cash,VPS00-2604-00088,ord_w7nZuwE6MB7694,2026-27,false,,WB:STU-0467|2026-04-09|28500.0|VPS00-2604-00088
364,STU-0398,2026-04-01,29500,,,2243-2244-14,TXN-20260402-054302-0006,2025-26-or-older,true,,WB:STU-0398|2026-04-01|29500.0|2243-2244-14
